id,first_name,last_name,email
1,Patricia,Garcia,patricia.garcia@icloud.com
2,Eugene,Garcia,eugene.garcia@yahoo.co.uk
3,Joanne,Scott,joanne.scott@yahoo.co.uk
4,Michael,Schmidt,michael.schmidt@hotmail.com
5,Bryan,Kelley,bryan.kelley@hotmail.com
6,Garrett,Miller,garrett.miller@live.com
7,Eric,Weaver,eric.weaver@fastmail.com
8,Sharon,Simon,sharon.simon @ outlook.com
9,David,Taylor,david.taylor@yahoo.com
10,Cole,Bush,cole.bush@gmx.de###
11,Jessica,White,jessica.white@zoho.com###
12,Jeffery,Dunn,jeffery.dunn@yahoo.com
13,Katherine,Adams,katherine.adams@mail.com
14,Maria,Diaz,maria.diaz@aol.com###
15,John,Martin,john.martin@tutanota.com
16,Kayla,Hayes,kayla.hayes@hotmail.com
17,Robert,Larsen,robert.larsen@icloud.com
18,Denise,Bond,denise.bond@protonmail.com
19,Kathryn,Smith,kathryn.smith@outlook.com
20,Patricia,Kennedy,patricia.kennedy@inbox.lv
21,Rachel,Nelson,rachel.nelson@msn.com
22,Colin,Stone,colin.stone@yahoo.com
23,Kaitlyn,Sweeney,kaitlyn.sweeney@duck.com
24,Samantha,Gregory,samantha.gregory@gmail.com
25,Steven,Brown,steven.brown@mail.com
26,Ashley,Tyler,ashley.tyler@outlook.com
27,Sherry,Davenport,sherry.davenport
28,Jonathan,Terry,jonathan.terry@icloud.com
29,Jerry,Robinson,jerry.robinson@zoho.com
30,Sara,Harrison,sara.harrison@gmail.com
31,Aaron,Boyer,aaron.boyer@mail.ru
32,Angel,Goodwin,angel.goodwin@inbox.lv###
33,Deborah,Townsend,deborah.townsend@gmail.com
34,Tyler,Hester,tyler.hester@live.com
35,Katrina,Alvarado,katrina.alvarado@live.com
36,Lisa,Woods,lisa.woods@yahoo.com
37,Steven,Torres,steven.torres@aol.com
38,Carla,Robinson,carla.robinson@duck.com
39,Erika,Dixon,erika.dixon@yahoo.com###
40,Brian,Ochoa,brian.ochoa @ gmail.com
41,Jasmine,Davidson,jasmine.davidson
42,Hannah,Horne,hannah.horne@mail.com
43,James,Taylor,james.taylor@mail.ru
44,Curtis,Wright,curtis.wright@msn.com
45,Alyssa,Mendoza,alyssa.mendoza@zoho.com
46,Bonnie,Sparks,bonnie.sparks@duck.com
47,Anna,Golden,anna.golden@mail.ru
48,Alex,Bennett,alex.bennett@inbox.lv
49,Curtis,Bender,curtis.bender@tutanota.com
50,Eric,Chen,eric.chen@gmail.com
51,Joshua,Allen,joshua.allen@outlook.com
52,Paula,Dunn,paula.dunn@duck.com
53,Joel,Black,joel.black@mail.com
54,Richard,Perez,richard.perez@gmail.com###
55,Thomas,Burns,thomas.burns@mail.ru
56,Todd,Carter,todd.carter@outlook.com
57,Jesse,Wolf,jesse.wolf@zoho.com
58,Bradley,James,bradley.james@mail.com
59,Matthew,Kim,matthew.kim@duck.com
60,Michael,Mendoza,michael.mendoza@icloud.com
61,Jessica,Rocha,jessica.rocha@yahoo.com
62,Heather,Schaefer,heather.schaefer@aol.com
63,Katherine,York,katherine.york@live.com
64,Timothy,Bailey,timothy.bailey@msn.com
65,Michael,Rivera,michael.rivera@zoho.com###
66,Daniel,Guzman,daniel.guzman@mail.ru###
67,George,Anderson,george.anderson@gmail.com
68,James,Hampton,james.hampton@zoho.com
69,Robert,Hamilton,robert.hamilton@gmx.de
70,Taylor,Rodriguez,taylor.rodrigueztutanota.com
71,Katie,Benjamin,katie.benjamin @ tutanota.com
72,Rachael,Garcia,rachael.garcia
73,Jonathan,Frazier,jonathan.frazier@yahoo.co.uk
74,Jacqueline,Salazar,jacqueline.salazar@fastmail.com
75,Anthony,Mcdonald,anthony.mcdonald@inbox.lv###
76,Michael,Chavez,michael.chavez@gmail.com
77,Michael,Aguirre,michael.aguirre @ mail.ru
78,Rebecca,Gray,rebecca.gray@gmx.de
79,Tanya,Riley,tanya.riley@outlook.com
80,Lisa,Baker,lisa.baker@zoho.com
81,Matthew,Moore,matthew.moore@zoho.com
82,Benjamin,Kent,benjamin.kent@protonmail.com
83,Steven,Thompson,steven.thompson@tutanota.com
84,Laura,Yang,laura.yang@msn.com
85,Alexis,Morales,alexis.morales@icloud.com
86,Jenna,Charles,jenna.charles@protonmail.com
87,Melissa,Dunn,melissa.dunn@yahoo.co.uk
88,Rebecca,Martinez,rebecca.martinez@inbox.lv
89,Amber,Silva,amber.silva@aol.com
90,Danielle,Peters,danielle.peters@gmx.de
91,Stephen,Foster,stephen.foster@yahoo.co.uk
92,Carol,Allen,carol.allen@inbox.lv
93,Amanda,Morrison,amanda.morrison@live.com
94,David,Miranda,david.miranda@live.com###
95,Sara,Alexander,sara.alexander@gmx.de
96,Ryan,Sanders,ryan.sanders@gmx.de
97,Jason,Thompson,jason.thompson@zoho.com
98,Russell,Ellis,russell.ellis@aol.com
99,Donald,Young,donald.young@fastmail.com
100,Richard,Alexander,richard.alexander@msn.com
101,Alan,Costa,alan.costa
102,Cheryl,Gross,cheryl.gross@inbox.lv
103,Jamie,Carey,jamie.carey@protonmail.com
104,Lynn,Warren,lynn.warren@yahoo.com
105,Donna,Beck,donna.beck@aol.com
106,Robert,Rhodes,robert.rhodes@zoho.com
107,Keith,Newman,keith.newman@zoho.com
108,Brandon,Ramirez,brandon.ramirez@aol.com
109,Andrea,Mason,andrea.mason@protonmail.com
110,Sheila,Ellis,sheila.ellis@hotmail.com
111,James,Burke,james.burke@mail.ru###
112,Mary,Wilkins,mary.wilkins@hotmail.com
113,Allen,Ferguson,allen.ferguson@mail.ru
114,Michael,Ross,michael.ross@live.com
115,Maria,White,maria.whiteicloud.com
116,Sarah,Patrick,sarah.patrick@duck.com
117,John,Taylor,john.taylor@inbox.lv###
118,Paige,Cox,paige.cox@mail.com
119,Joseph,Mcclure,joseph.mcclure@gmail.com###
120,Christina,Johnson,christina.johnson@zoho.com
121,Marilyn,Beck,marilyn.beckduck.com
122,Zachary,Martinez,zachary.martinez@yahoo.com
123,John,Williams,john.williams@protonmail.com
124,Mark,Woods,mark.woods@fastmail.com
125,Dean,Gonzalez,dean.gonzalez@duck.com
126,Audrey,Juarez,audrey.juarez@fastmail.com
127,Brian,Valdez,brian.valdez@fastmail.com
128,Daniel,Austin,daniel.austin@icloud.com
129,Michael,York,michael.york@icloud.com
130,Nathan,Hoffman,nathan.hoffman@tutanota.com
131,Curtis,Taylor,curtis.taylor@aol.com
132,Nicholas,Rivera,nicholas.rivera@yahoo.co.uk
133,Joshua,Thompson,joshua.thompson@tutanota.com
134,Katie,Gill,katie.gill@yahoo.com
135,Lydia,Mcgee,lydia.mcgee@protonmail.com
136,Juan,Green,juan.green@live.com
137,Sean,Griffin,sean.griffin@inbox.lv
138,Michael,Ramirez,michael.ramirez@icloud.com
139,Brett,Phillips,brett.phillips@yahoo.co.uk
140,Eric,Chapman,eric.chapman @ msn.com
141,Kyle,Hutchinson,kyle.hutchinson@yahoo.co.uk
142,Shawna,Green,shawna.green@msn.com
143,Faith,Wheeler,faith.wheeler@protonmail.com
144,Angela,Nelson,angela.nelson@aol.com
145,Zachary,Castillo,zachary.castillo @ yahoo.com
146,Stephanie,Davis,stephanie.davis@aol.com
147,Mary,Wood,mary.woodicloud.com
148,David,Becker,david.beckerfastmail.com
149,Laura,Jackson,laura.jacksonduck.com
150,Jeffery,King,jeffery.king@yahoo.com
151,Christina,Mays,christina.mays@tutanota.com
152,Mary,Matthews,mary.matthews@gmx.de
153,Chelsea,Baker,chelsea.baker@duck.com###
154,Teresa,Weaver,teresa.weaver@hotmail.com
155,Robert,Davis,robert.davis@hotmail.com
156,Roger,Martin,roger.martin@yahoo.co.uk
157,Donna,Townsend,donna.townsend @ fastmail.com
158,Katrina,Baker,katrina.baker@gmx.de
159,Shane,Reyes,shane.reyes@icloud.com
160,Gabrielle,Franklin,gabrielle.franklin@outlook.com
161,Tina,Page,tina.page@gmail.com
162,Andrew,Rowland,andrew.rowland@aol.com
163,Jeffrey,Dunlap,jeffrey.dunlap@fastmail.com
164,Robert,Bailey,robert.bailey@mail.com
165,Steven,Mcclain,steven.mcclaingmx.de
166,Samantha,Taylor,samantha.taylor@yahoo.co.uk
167,Miranda,Mclaughlin,miranda.mclaughlin@gmail.com
168,Lisa,Pratt,lisa.pratt
169,Ronald,Stephenson,ronald.stephenson@icloud.com
170,William,Stewart,william.stewart@mail.ru###
171,Madeline,Marsh,madeline.marsh@aol.com
172,Scott,Williams,scott.williams@yahoo.co.uk
173,Abigail,Morris,abigail.morris@aol.com
174,Megan,Brown,megan.brown@fastmail.com
175,Stephanie,Schmidt,stephanie.schmidt@gmx.de
176,Ruth,Wilson,ruth.wilson@icloud.com
177,Carly,Hahn,carly.hahn
178,David,Phillips,david.phillips@duck.com
179,Pam,Williams,pam.williams@live.com
180,Ashley,Quinn,ashley.quinngmail.com
181,Jessica,Hinton,jessica.hinton@mail.com
182,Eugene,Lindsey,eugene.lindsey@inbox.lv
183,Frederick,Murray,frederick.murraylive.com
184,Nathaniel,Owens,nathaniel.owens@live.com
185,Richard,Meadows,richard.meadows@mail.com
186,Matthew,Santos,matthew.santos@aol.com
187,Paul,Lindsey,paul.lindsey @ inbox.lv
188,Jay,Peters,jay.peters@inbox.lv
189,Jessica,Ballard,jessica.ballard@yahoo.com
190,Brandon,Andrade,brandon.andrade@mail.ru
191,Nicole,Vasquez,nicole.vasquez@gmail.com
192,Isaac,Young,isaac.young@zoho.com
193,Edwin,Wright,edwin.wright@msn.com
194,Aaron,Nichols,aaron.nichols @ tutanota.com
195,Jeffrey,Carter,jeffrey.carter@gmx.de
196,Jeffrey,Perez,jeffrey.perez
197,Megan,Gonzalez,megan.gonzalez@fastmail.com
198,Kimberly,Jenkins,kimberly.jenkins@zoho.com
199,Richard,Fletcher,richard.fletcher@msn.com
200,Kevin,Thompson,kevin.thompson@yahoo.co.uk
